<?xml version="1.0" encoding="UTF-8"?>
<addon id="repository.tvstreamcz"
       name="TVStreamCZ Repository" 
       version="1.0.0"
       provider-name="daker52">
    <requires>
        <import addon="xbmc.addon" version="12.0.0"/>
    </requires>
    <extension point="xbmc.addon.repository" name="TVStreamCZ Repository">
        <dir>
            <info compressed="false">https://raw.githubusercontent.com/daker52/TVstreamCZ/main/addons.xml</info>
            <checksum>https://raw.githubusercontent.com/daker52/TVstreamCZ/main/addons.xml.md5</checksum>
            <datadir zip="true">https://raw.githubusercontent.com/daker52/TVstreamCZ/main/</datadir>
        </dir>
    </extension>
    <extension point="xbmc.addon.metadata">
        <summary lang="cs_CZ">TVStreamCZ Addon Repository</summary>
        <summary lang="en_GB">TVStreamCZ Addon Repository</summary>
        <description lang="cs_CZ">Oficiální repozitář pro TVStreamCZ doplňky. Obsahuje plugin pro sledování obsahu z Webshare.cz s automatickými aktualizacemi a historií přehrávání.</description>
        <description lang="en_GB">Official repository for TVStreamCZ addons. Contains plugin for streaming content from Webshare.cz with automatic updates and playback history.</description>
        <disclaimer lang="cs_CZ">Autoři nenesou odpovědnost za obsah streamovaný prostřednictvím tohoto doplňku. Používejte pouze legální obsah.</disclaimer>
        <disclaimer lang="en_GB">The authors are not responsible for content streamed through this addon. Use only legal content.</disclaimer>
        <platform>all</platform>
        <assets>
            <icon>icon.png</icon>
            <fanart>fanart.jpg</fanart>
        </assets>
    </extension>
</addon>